{
  "manali|himachal pradesh": "https://upload.wikimedia.org/wikipedia/commons/thumb/f/f0/Manali_00.jpg/800px-Manali_00.jpg",
  "kasol|himachal pradesh": "https://upload.wikimedia.org/wikipedia/commons/thumb/8/8a/Kasol_Valley.jpg/800px-Kasol_Valley.jpg",
  "goa": "https://upload.wikimedia.org/wikipedia/commons/thumb/6/6c/Baga_Beach_sunset%2C_Goa.jpg/800px-Baga_Beach_sunset%2C_Goa.jpg",
  "jaipur|rajasthan": "https://upload.wikimedia.org/wikipedia/commons/thumb/a/a5/Jantar_Mantar%2C_Jaipur.jpg/800px-Jantar_Mantar%2C_Jaipur.jpg",
  "dharamshala|himachal pradesh": "https://upload.wikimedia.org/wikipedia/commons/0/04/20170821_133215000_iOS.jpg",
  "kalimpong|west bengal": "https://upload.wikimedia.org/wikipedia/commons/8/80/Deolo.jpg",
  "visakhapatnam|andhra pradesh": "https://upload.wikimedia.org/wikipedia/commons/c/c6/A_day_in_the_life_of_a_rural_03.jpg",
  "shimla|himachal pradesh": "https://upload.wikimedia.org/wikipedia/commons/c/ca/A_folk_procession_in_Shimla.jpg",
  "kullu|himachal pradesh": "https://upload.wikimedia.org/wikipedia/commons/8/80/Beas_River%2C_Kullu_Valley.jpg",
  "leh|ladakh": "https://upload.wikimedia.org/wikipedia/commons/2/2d/A_Short_Video_of_Leh_City_from_Tsemo_Hill.webm"
}