[
    {
        "place": "Cape Town",
        "country": "South Africa"
    },
    {
        "place": "Kruger National Park",
        "country": "South Africa"
    },
    {
        "place": "Garden Route",
        "country": "South Africa"
    },
    {
        "place": "Durban",
        "country": "South Africa"
    },
    {
        "place": "Cairo",
        "country": "Egypt"
    },
    {
        "place": "Pyramids of Giza",
        "country": "Egypt"
    },
    {
        "place": "Luxor",
        "country": "Egypt"
    },
    {
        "place": "Hurghada",
        "country": "Egypt"
    },
    {
        "place": "Marrakech",
        "country": "Morocco"
    },
    {
        "place": "Sahara Desert (Merzouga)",
        "country": "Morocco"
    },
    {
        "place": "Maasai Mara",
        "country": "Kenya"
    },
    {
        "place": "Nairobi",
        "country": "Kenya"
    },
    {
        "place": "Diani Beach",
        "country": "Kenya"
    },
    {
        "place": "Serengeti National Park",
        "country": "Tanzania"
    },
    {
        "place": "Zanzibar",
        "country": "Tanzania"
    },
    {
        "place": "Mount Kilimanjaro",
        "country": "Tanzania"
    },
    {
        "place": "Ngorongoro Crater",
        "country": "Tanzania"
    },
    {
        "place": "Okavango Delta",
        "country": "Botswana"
    },
    {
        "place": "Chobe National Park",
        "country": "Botswana"
    },
    {
        "place": "Victoria Falls",
        "country": "Zambia/Zimbabwe"
    },
    {
        "place": "Etosha National Park",
        "country": "Namibia"
    },
    {
        "place": "Sossusvlei",
        "country": "Namibia"
    },
    {
        "place": "Swakopmund",
        "country": "Namibia"
    },
    {
        "place": "Gorilla Trekking (Bwindi)",
        "country": "Uganda"
    },
    {
        "place": "Rwanda Gorilla Trekking (Volcanoes NP)",
        "country": "Rwanda"
    },
    {
        "place": "Seychelles (Mahe)",
        "country": "Seychelles"
    },
    {
        "place": "Mauritius",
        "country": "Mauritius"
    },
    {
        "place": "Stone Town (Zanzibar)",
        "country": "Tanzania"
    },
    {
        "place": "Nairobi National Park",
        "country": "Kenya"
    },
    {
        "place": "Johannesburg",
        "country": "South Africa"
    },
    {
        "place": "Stellenbosch",
        "country": "South Africa"
    },
    {
        "place": "Drakensberg",
        "country": "South Africa"
    },
    {
        "place": "Hermanus",
        "country": "South Africa"
    },
    {
        "place": "Knysna",
        "country": "South Africa"
    },
    {
        "place": "Blyde River Canyon",
        "country": "South Africa"
    },
    {
        "place": "iSimangaliso Wetland Park",
        "country": "South Africa"
    },
    {
        "place": "Tsitsikamma National Park",
        "country": "South Africa"
    },
    {
        "place": "Pilanesberg National Park",
        "country": "South Africa"
    },
    {
        "place": "Port Elizabeth",
        "country": "South Africa"
    },
    {
        "place": "Chefchaouen",
        "country": "Morocco"
    },
    {
        "place": "Fes",
        "country": "Morocco"
    },
    {
        "place": "Essaouira",
        "country": "Morocco"
    },
    {
        "place": "Atlas Mountains",
        "country": "Morocco"
    },
    {
        "place": "Casablanca",
        "country": "Morocco"
    },
    {
        "place": "Tangier",
        "country": "Morocco"
    },
    {
        "place": "Aswan",
        "country": "Egypt"
    },
    {
        "place": "Sharm El Sheikh",
        "country": "Egypt"
    },
    {
        "place": "Dahab",
        "country": "Egypt"
    },
    {
        "place": "Alexandria",
        "country": "Egypt"
    },
    {
        "place": "Siwa Oasis",
        "country": "Egypt"
    },
    {
        "place": "Tunis",
        "country": "Tunisia"
    },
    {
        "place": "Sidi Bou Said",
        "country": "Tunisia"
    },
    {
        "place": "Djerba",
        "country": "Tunisia"
    },
    {
        "place": "Amboseli National Park",
        "country": "Kenya"
    },
    {
        "place": "Lake Nakuru",
        "country": "Kenya"
    },
    {
        "place": "Tsavo National Park",
        "country": "Kenya"
    },
    {
        "place": "Lamu Island",
        "country": "Kenya"
    },
    {
        "place": "Watamu",
        "country": "Kenya"
    },
    {
        "place": "Lake Manyara",
        "country": "Tanzania"
    },
    {
        "place": "Tarangire National Park",
        "country": "Tanzania"
    },
    {
        "place": "Pemba Island",
        "country": "Tanzania"
    },
    {
        "place": "Mafia Island",
        "country": "Tanzania"
    },
    {
        "place": "Praslin",
        "country": "Seychelles"
    },
    {
        "place": "La Digue",
        "country": "Seychelles"
    },
    {
        "place": "Nosy Be",
        "country": "Madagascar"
    },
    {
        "place": "Avenue of the Baobabs",
        "country": "Madagascar"
    },
    {
        "place": "Isalo National Park",
        "country": "Madagascar"
    },
    {
        "place": "Andasibe-Mantadia",
        "country": "Madagascar"
    },
    {
        "place": "Windhoek",
        "country": "Namibia"
    },
    {
        "place": "Fish River Canyon",
        "country": "Namibia"
    },
    {
        "place": "Skeleton Coast",
        "country": "Namibia"
    },
    {
        "place": "Damaraland",
        "country": "Namibia"
    },
    {
        "place": "Maputo",
        "country": "Mozambique"
    },
    {
        "place": "Bazaruto Archipelago",
        "country": "Mozambique"
    },
    {
        "place": "Tofo Beach",
        "country": "Mozambique"
    },
    {
        "place": "South Luangwa",
        "country": "Zambia"
    },
    {
        "place": "Lower Zambezi",
        "country": "Zambia"
    },
    {
        "place": "Kafue National Park",
        "country": "Zambia"
    },
    {
        "place": "Harare",
        "country": "Zimbabwe"
    },
    {
        "place": "Hwange National Park",
        "country": "Zimbabwe"
    },
    {
        "place": "Mana Pools",
        "country": "Zimbabwe"
    },
    {
        "place": "Makgadikgadi Pans",
        "country": "Botswana"
    },
    {
        "place": "Jinja",
        "country": "Uganda"
    },
    {
        "place": "Queen Elizabeth National Park",
        "country": "Uganda"
    },
    {
        "place": "Murchison Falls",
        "country": "Uganda"
    },
    {
        "place": "Kigali",
        "country": "Rwanda"
    },
    {
        "place": "Lake Kivu",
        "country": "Rwanda"
    },
    {
        "place": "Nyungwe Forest",
        "country": "Rwanda"
    },
    {
        "place": "Addis Ababa",
        "country": "Ethiopia"
    },
    {
        "place": "Lalibela",
        "country": "Ethiopia"
    },
    {
        "place": "Simien Mountains",
        "country": "Ethiopia"
    },
    {
        "place": "Danakil Depression",
        "country": "Ethiopia"
    },
    {
        "place": "Lake Malawi",
        "country": "Malawi"
    },
    {
        "place": "Dakar",
        "country": "Senegal"
    },
    {
        "place": "Goree Island",
        "country": "Senegal"
    },
    {
        "place": "Sal",
        "country": "Cape Verde"
    },
    {
        "place": "Boa Vista",
        "country": "Cape Verde"
    },
    {
        "place": "Accra",
        "country": "Ghana"
    },
    {
        "place": "Cape Coast",
        "country": "Ghana"
    },
    {
        "place": "Kakum National Park",
        "country": "Ghana"
    },
    {
        "place": "Lagos",
        "country": "Nigeria"
    },
    {
        "place": "Reunion Island",
        "country": "Reunion"
    },
    {
        "place": "Sao Tome",
        "country": "Sao Tome and Principe"
    },
    {
        "place": "Banjul",
        "country": "The Gambia"
    },
    {
        "place": "Abidjan",
        "country": "Ivory Coast"
    },
    {
        "place": "Grand-Bassam",
        "country": "Ivory Coast"
    },
    {
        "place": "Lome",
        "country": "Togo"
    },
    {
        "place": "Cotonou",
        "country": "Benin"
    },
    {
        "place": "Ganvie",
        "country": "Benin"
    },
    {
        "place": "Ouidah",
        "country": "Benin"
    },
    {
        "place": "Kribi",
        "country": "Cameroon"
    },
    {
        "place": "Mount Cameroon",
        "country": "Cameroon"
    },
    {
        "place": "Luanda",
        "country": "Angola"
    },
    {
        "place": "Kalandula Falls",
        "country": "Angola"
    },
    {
        "place": "Djibouti City",
        "country": "Djibouti"
    },
    {
        "place": "Lake Assal",
        "country": "Djibouti"
    },
    {
        "place": "Ruaha National Park",
        "country": "Tanzania"
    },
    {
        "place": "Selous Game Reserve",
        "country": "Tanzania"
    },
    {
        "place": "Gombe Stream",
        "country": "Tanzania"
    },
    {
        "place": "Liwonde National Park",
        "country": "Malawi"
    },
    {
        "place": "Mulanje Mountain",
        "country": "Malawi"
    },
    {
        "place": "Matobo National Park",
        "country": "Zimbabwe"
    },
    {
        "place": "Great Zimbabwe",
        "country": "Zimbabwe"
    },
    {
        "place": "Sodwana Bay",
        "country": "South Africa"
    },
    {
        "place": "Coffee Bay",
        "country": "South Africa"
    },
    {
        "place": "Luderitz",
        "country": "Namibia"
    },
    {
        "place": "Kolmanskop",
        "country": "Namibia"
    },
    {
        "place": "Maseru",
        "country": "Lesotho"
    },
    {
        "place": "Semonkong",
        "country": "Lesotho"
    },
    {
        "place": "Mbabane",
        "country": "Eswatini"
    },
    {
        "place": "Mlilwane Wildlife Sanctuary",
        "country": "Eswatini"
    },
    {
        "place": "Augrabies Falls",
        "country": "South Africa"
    },
    {
        "place": "Kgalagadi Transfrontier Park",
        "country": "South Africa"
    },
    {
        "place": "Saly",
        "country": "Senegal"
    },
    {
        "place": "Lake Bunyonyi",
        "country": "Uganda"
    },
    {
        "place": "Asmara",
        "country": "Eritrea"
    },
    {
        "place": "New York City",
        "country": "United States"
    },
    {
        "place": "Los Angeles",
        "country": "United States"
    },
    {
        "place": "San Francisco",
        "country": "United States"
    },
    {
        "place": "Chicago",
        "country": "United States"
    },
    {
        "place": "Miami",
        "country": "United States"
    },
    {
        "place": "New Orleans",
        "country": "United States"
    },
    {
        "place": "Las Vegas",
        "country": "United States"
    },
    {
        "place": "Washington, D.C.",
        "country": "United States"
    },
    {
        "place": "Boston",
        "country": "United States"
    },
    {
        "place": "Seattle",
        "country": "United States"
    },
    {
        "place": "Portland (Oregon)",
        "country": "United States"
    },
    {
        "place": "Austin",
        "country": "United States"
    },
    {
        "place": "Nashville",
        "country": "United States"
    },
    {
        "place": "Savannah",
        "country": "United States"
    },
    {
        "place": "Honolulu (Oahu)",
        "country": "United States"
    },
    {
        "place": "Maui",
        "country": "United States"
    },
    {
        "place": "Grand Canyon National Park",
        "country": "United States"
    },
    {
        "place": "Yosemite National Park",
        "country": "United States"
    },
    {
        "place": "Yellowstone National Park",
        "country": "United States"
    },
    {
        "place": "Zion National Park",
        "country": "United States"
    },
    {
        "place": "Bryce Canyon National Park",
        "country": "United States"
    },
    {
        "place": "Sedona",
        "country": "United States"
    },
    {
        "place": "Lake Tahoe",
        "country": "United States"
    },
    {
        "place": "Glacier National Park",
        "country": "United States"
    },
    {
        "place": "Rocky Mountain National Park",
        "country": "United States"
    },
    {
        "place": "Toronto",
        "country": "Canada"
    },
    {
        "place": "Vancouver",
        "country": "Canada"
    },
    {
        "place": "Montreal",
        "country": "Canada"
    },
    {
        "place": "Quebec City",
        "country": "Canada"
    },
    {
        "place": "Banff National Park",
        "country": "Canada"
    },
    {
        "place": "Jasper National Park",
        "country": "Canada"
    },
    {
        "place": "Whistler",
        "country": "Canada"
    },
    {
        "place": "Niagara Falls (Canada)",
        "country": "Canada"
    },
    {
        "place": "Ottawa",
        "country": "Canada"
    },
    {
        "place": "Victoria (Vancouver Island)",
        "country": "Canada"
    },
    {
        "place": "Prince Edward Island",
        "country": "Canada"
    },
    {
        "place": "Denali National Park",
        "country": "United States"
    },
    {
        "place": "Mexico City",
        "country": "Mexico"
    },
    {
        "place": "Cancun & Riviera Maya",
        "country": "Mexico"
    },
    {
        "place": "Tulum",
        "country": "Mexico"
    },
    {
        "place": "Oaxaca",
        "country": "Mexico"
    },
    {
        "place": "Puerto Vallarta",
        "country": "Mexico"
    },
    {
        "place": "Cabo San Lucas (Los Cabos)",
        "country": "Mexico"
    },
    {
        "place": "San Miguel de Allende",
        "country": "Mexico"
    },
    {
        "place": "Guanajuato",
        "country": "Mexico"
    },
    {
        "place": "Chichen Itza & Valladolid",
        "country": "Mexico"
    },
    {
        "place": "Cozumel",
        "country": "Mexico"
    },
    {
        "place": "Caye Caulker",
        "country": "Belize"
    },
    {
        "place": "Antigua",
        "country": "Guatemala"
    },
    {
        "place": "Lake Atitl\u00e1n",
        "country": "Guatemala"
    },
    {
        "place": "Tikal",
        "country": "Guatemala"
    },
    {
        "place": "San Jos\u00e9 & Arenal (La Fortuna)",
        "country": "Costa Rica"
    },
    {
        "place": "Monteverde Cloud Forest",
        "country": "Costa Rica"
    },
    {
        "place": "Manuel Antonio",
        "country": "Costa Rica"
    },
    {
        "place": "Bocas del Toro",
        "country": "Panama"
    },
    {
        "place": "Panama City",
        "country": "Panama"
    },
    {
        "place": "Granada",
        "country": "Nicaragua"
    },
    {
        "place": "Ometepe Island",
        "country": "Nicaragua"
    },
    {
        "place": "Roat\u00e1n",
        "country": "Honduras"
    },
    {
        "place": "San Juan",
        "country": "Puerto Rico"
    },
    {
        "place": "Havana",
        "country": "Cuba"
    },
    {
        "place": "Punta Cana",
        "country": "Dominican Republic"
    },
    {
        "place": "Montego Bay",
        "country": "Jamaica"
    },
    {
        "place": "Nassau",
        "country": "Bahamas"
    },
    {
        "place": "Rio de Janeiro",
        "country": "Brazil"
    },
    {
        "place": "Salvador",
        "country": "Brazil"
    },
    {
        "place": "Florian\u00f3polis",
        "country": "Brazil"
    },
    {
        "place": "Foz do Igua\u00e7u",
        "country": "Brazil"
    },
    {
        "place": "Amazon (Manaus gateway)",
        "country": "Brazil"
    },
    {
        "place": "Buenos Aires",
        "country": "Argentina"
    },
    {
        "place": "Mendoza",
        "country": "Argentina"
    },
    {
        "place": "Bariloche",
        "country": "Argentina"
    },
    {
        "place": "El Calafate & Perito Moreno Glacier",
        "country": "Argentina"
    },
    {
        "place": "Ushuaia (Tierra del Fuego)",
        "country": "Argentina"
    },
    {
        "place": "Santiago",
        "country": "Chile"
    },
    {
        "place": "Valpara\u00edso",
        "country": "Chile"
    },
    {
        "place": "San Pedro de Atacama",
        "country": "Chile"
    },
    {
        "place": "Torres del Paine National Park",
        "country": "Chile"
    },
    {
        "place": "Lima",
        "country": "Peru"
    },
    {
        "place": "Cusco",
        "country": "Peru"
    },
    {
        "place": "Machu Picchu & Aguas Calientes",
        "country": "Peru"
    },
    {
        "place": "Arequipa",
        "country": "Peru"
    },
    {
        "place": "Lake Titicaca (Puno)",
        "country": "Peru"
    },
    {
        "place": "La Paz",
        "country": "Bolivia"
    },
    {
        "place": "Salar de Uyuni",
        "country": "Bolivia"
    },
    {
        "place": "Bogot\u00e1",
        "country": "Colombia"
    },
    {
        "place": "Medell\u00edn",
        "country": "Colombia"
    },
    {
        "place": "Cartagena",
        "country": "Colombia"
    },
    {
        "place": "Tayrona National Park",
        "country": "Colombia"
    },
    {
        "place": "Salento & Coffee Region",
        "country": "Colombia"
    },
    {
        "place": "Quito",
        "country": "Ecuador"
    },
    {
        "place": "Cuenca",
        "country": "Ecuador"
    },
    {
        "place": "Gal\u00e1pagos Islands",
        "country": "Ecuador"
    },
    {
        "place": "Montevideo",
        "country": "Uruguay"
    },
    {
        "place": "Punta del Este",
        "country": "Uruguay"
    },
    {
        "place": "Colonia del Sacramento",
        "country": "Uruguay"
    },
    {
        "place": "Asunci\u00f3n",
        "country": "Paraguay"
    },
    {
        "place": "El Chalt\u00e9n",
        "country": "Argentina"
    },
    {
        "place": "Puerto Natales & Chilean Fjords",
        "country": "Chile"
    },
    {
        "place": "Len\u00e7\u00f3is Maranhenses National Park",
        "country": "Brazil"
    },
    {
        "place": "San Diego",
        "country": "United States"
    },
    {
        "place": "Santa Barbara",
        "country": "United States"
    },
    {
        "place": "Big Sur",
        "country": "United States"
    },
    {
        "place": "Death Valley National Park",
        "country": "United States"
    },
    {
        "place": "Joshua Tree National Park",
        "country": "United States"
    },
    {
        "place": "Mammoth Lakes",
        "country": "United States"
    },
    {
        "place": "Arches National Park",
        "country": "United States"
    },
    {
        "place": "Monument Valley",
        "country": "United States"
    },
    {
        "place": "Park City",
        "country": "United States"
    },
    {
        "place": "Jackson Hole",
        "country": "United States"
    },
    {
        "place": "Aspen",
        "country": "United States"
    },
    {
        "place": "Santa Fe",
        "country": "United States"
    },
    {
        "place": "Taos",
        "country": "United States"
    },
    {
        "place": "White Sands National Park",
        "country": "United States"
    },
    {
        "place": "Antelope Canyon",
        "country": "United States"
    },
    {
        "place": "Charleston",
        "country": "United States"
    },
    {
        "place": "Key West",
        "country": "United States"
    },
    {
        "place": "Orlando",
        "country": "United States"
    },
    {
        "place": "Atlanta",
        "country": "United States"
    },
    {
        "place": "Philadelphia",
        "country": "United States"
    },
    {
        "place": "San Antonio",
        "country": "United States"
    },
    {
        "place": "Great Smoky Mountains",
        "country": "United States"
    },
    {
        "place": "Everglades National Park",
        "country": "United States"
    },
    {
        "place": "Acadia National Park",
        "country": "United States"
    },
    {
        "place": "Asheville",
        "country": "United States"
    },
    {
        "place": "Calgary",
        "country": "Canada"
    },
    {
        "place": "Halifax",
        "country": "Canada"
    },
    {
        "place": "St. John's",
        "country": "Canada"
    },
    {
        "place": "Tofino",
        "country": "Canada"
    },
    {
        "place": "Kelowna",
        "country": "Canada"
    },
    {
        "place": "Churchill",
        "country": "Canada"
    },
    {
        "place": "Whitehorse",
        "country": "Canada"
    },
    {
        "place": "Mont-Tremblant",
        "country": "Canada"
    },
    {
        "place": "Gros Morne National Park",
        "country": "Canada"
    },
    {
        "place": "Bay of Fundy",
        "country": "Canada"
    },
    {
        "place": "Guadalajara",
        "country": "Mexico"
    },
    {
        "place": "Merida",
        "country": "Mexico"
    },
    {
        "place": "Puerto Escondido",
        "country": "Mexico"
    },
    {
        "place": "Bacalar",
        "country": "Mexico"
    },
    {
        "place": "San Cristobal de las Casas",
        "country": "Mexico"
    },
    {
        "place": "Isla Holbox",
        "country": "Mexico"
    },
    {
        "place": "Copper Canyon",
        "country": "Mexico"
    },
    {
        "place": "Sayulita",
        "country": "Mexico"
    },
    {
        "place": "Puebla",
        "country": "Mexico"
    },
    {
        "place": "Monterrey",
        "country": "Mexico"
    },
    {
        "place": "San Ignacio",
        "country": "Belize"
    },
    {
        "place": "Placencia",
        "country": "Belize"
    },
    {
        "place": "Semuc Champey",
        "country": "Guatemala"
    },
    {
        "place": "Tamarindo",
        "country": "Costa Rica"
    },
    {
        "place": "Puerto Viejo",
        "country": "Costa Rica"
    },
    {
        "place": "Corcovado National Park",
        "country": "Costa Rica"
    },
    {
        "place": "San Blas Islands",
        "country": "Panama"
    },
    {
        "place": "Boquete",
        "country": "Panama"
    },
    {
        "place": "El Tunco",
        "country": "El Salvador"
    },
    {
        "place": "Santa Ana Volcano",
        "country": "El Salvador"
    },
    {
        "place": "Santo Domingo",
        "country": "Dominican Republic"
    },
    {
        "place": "Samana",
        "country": "Dominican Republic"
    },
    {
        "place": "Oranjestad",
        "country": "Aruba"
    },
    {
        "place": "Soufriere",
        "country": "St. Lucia"
    },
    {
        "place": "Bridgetown",
        "country": "Barbados"
    },
    {
        "place": "Providenciales",
        "country": "Turks & Caicos"
    },
    {
        "place": "George Town",
        "country": "Cayman Islands"
    },
    {
        "place": "Negril",
        "country": "Jamaica"
    },
    {
        "place": "Ocho Rios",
        "country": "Jamaica"
    },
    {
        "place": "Vieques",
        "country": "Puerto Rico"
    },
    {
        "place": "San Andres",
        "country": "Colombia"
    },
    {
        "place": "Santa Marta",
        "country": "Colombia"
    },
    {
        "place": "Cali",
        "country": "Colombia"
    },
    {
        "place": "Banos",
        "country": "Ecuador"
    },
    {
        "place": "Otavalo",
        "country": "Ecuador"
    },
    {
        "place": "Huacachina",
        "country": "Peru"
    },
    {
        "place": "Nazca Lines",
        "country": "Peru"
    },
    {
        "place": "Iquitos",
        "country": "Peru"
    },
    {
        "place": "Huaraz",
        "country": "Peru"
    },
    {
        "place": "Sucre",
        "country": "Bolivia"
    },
    {
        "place": "Potosi",
        "country": "Bolivia"
    },
    {
        "place": "Sao Paulo",
        "country": "Brazil"
    },
    {
        "place": "Brasilia",
        "country": "Brazil"
    },
    {
        "place": "Fernando de Noronha",
        "country": "Brazil"
    },
    {
        "place": "Jericoacoara",
        "country": "Brazil"
    },
    {
        "place": "Pantanal",
        "country": "Brazil"
    },
    {
        "place": "Ouro Preto",
        "country": "Brazil"
    },
    {
        "place": "Bonito",
        "country": "Brazil"
    },
    {
        "place": "Chapada Diamantina",
        "country": "Brazil"
    },
    {
        "place": "Recife",
        "country": "Brazil"
    },
    {
        "place": "Salta",
        "country": "Argentina"
    },
    {
        "place": "Puerto Iguazu",
        "country": "Argentina"
    },
    {
        "place": "Cordoba",
        "country": "Argentina"
    },
    {
        "place": "Peninsula Valdes",
        "country": "Argentina"
    },
    {
        "place": "Easter Island",
        "country": "Chile"
    },
    {
        "place": "Pucon",
        "country": "Chile"
    },
    {
        "place": "Iquique",
        "country": "Chile"
    },
    {
        "place": "Punta Arenas",
        "country": "Chile"
    },
    {
        "place": "Cabo Polonio",
        "country": "Uruguay"
    },
    {
        "place": "Angel Falls",
        "country": "Venezuela"
    },
    {
        "place": "Los Roques",
        "country": "Venezuela"
    },
    {
        "place": "Kaieteur Falls",
        "country": "Guyana"
    },
    {
        "place": "Paramaribo",
        "country": "Suriname"
    },
    {
        "place": "Georgetown",
        "country": "Guyana"
    },
    {
        "place": "Paraty",
        "country": "Brazil"
    },
    {
        "place": "Ilha Grande",
        "country": "Brazil"
    },
    {
        "place": "Mancora",
        "country": "Peru"
    },
    {
        "place": "Santa Cruz",
        "country": "Bolivia"
    },
    {
        "place": "Villa de Leyva",
        "country": "Colombia"
    },
    {
        "place": "Sydney",
        "country": "Australia"
    },
    {
        "place": "Melbourne",
        "country": "Australia"
    },
    {
        "place": "Great Barrier Reef",
        "country": "Australia"
    },
    {
        "place": "Uluru (Ayers Rock)",
        "country": "Australia"
    },
    {
        "place": "Blue Mountains",
        "country": "Australia"
    },
    {
        "place": "Fraser Island",
        "country": "Australia"
    },
    {
        "place": "Byron Bay",
        "country": "Australia"
    },
    {
        "place": "Gold Coast",
        "country": "Australia"
    },
    {
        "place": "Kangaroo Island",
        "country": "Australia"
    },
    {
        "place": "Tasmania (Cradle Mountain)",
        "country": "Australia"
    },
    {
        "place": "Auckland",
        "country": "New Zealand"
    },
    {
        "place": "Queenstown",
        "country": "New Zealand"
    },
    {
        "place": "Milford Sound",
        "country": "New Zealand"
    },
    {
        "place": "Rotorua",
        "country": "New Zealand"
    },
    {
        "place": "Wellington",
        "country": "New Zealand"
    },
    {
        "place": "Fiordland National Park",
        "country": "New Zealand"
    },
    {
        "place": "Bay of Islands",
        "country": "New Zealand"
    },
    {
        "place": "Bora Bora",
        "country": "French Polynesia"
    },
    {
        "place": "Fiji (Nadi & Islands)",
        "country": "Fiji"
    },
    {
        "place": "Cairns",
        "country": "Australia"
    },
    {
        "place": "Whitsunday Islands",
        "country": "Australia"
    },
    {
        "place": "Kakadu National Park",
        "country": "Australia"
    },
    {
        "place": "Perth",
        "country": "Australia"
    },
    {
        "place": "Rottnest Island",
        "country": "Australia"
    },
    {
        "place": "Margaret River",
        "country": "Australia"
    },
    {
        "place": "Broome",
        "country": "Australia"
    },
    {
        "place": "Ningaloo Reef",
        "country": "Australia"
    },
    {
        "place": "Adelaide",
        "country": "Australia"
    },
    {
        "place": "Barossa Valley",
        "country": "Australia"
    },
    {
        "place": "Canberra",
        "country": "Australia"
    },
    {
        "place": "Hobart",
        "country": "Australia"
    },
    {
        "place": "Wineglass Bay",
        "country": "Australia"
    },
    {
        "place": "Noosa",
        "country": "Australia"
    },
    {
        "place": "Daintree Rainforest",
        "country": "Australia"
    },
    {
        "place": "Port Douglas",
        "country": "Australia"
    },
    {
        "place": "Magnetic Island",
        "country": "Australia"
    },
    {
        "place": "Lord Howe Island",
        "country": "Australia"
    },
    {
        "place": "The Kimberleys",
        "country": "Australia"
    },
    {
        "place": "Hunter Valley",
        "country": "Australia"
    },
    {
        "place": "Philip Island",
        "country": "Australia"
    },
    {
        "place": "Great Ocean Road",
        "country": "Australia"
    },
    {
        "place": "Lake Tekapo",
        "country": "New Zealand"
    },
    {
        "place": "Wanaka",
        "country": "New Zealand"
    },
    {
        "place": "Franz Josef Glacier",
        "country": "New Zealand"
    },
    {
        "place": "Mount Cook (Aoraki)",
        "country": "New Zealand"
    },
    {
        "place": "Christchurch",
        "country": "New Zealand"
    },
    {
        "place": "Dunedin",
        "country": "New Zealand"
    },
    {
        "place": "Kaikoura",
        "country": "New Zealand"
    },
    {
        "place": "Taupo",
        "country": "New Zealand"
    },
    {
        "place": "Hobbiton (Matamata)",
        "country": "New Zealand"
    },
    {
        "place": "Waitomo Caves",
        "country": "New Zealand"
    },
    {
        "place": "Coromandel Peninsula",
        "country": "New Zealand"
    },
    {
        "place": "Abel Tasman National Park",
        "country": "New Zealand"
    },
    {
        "place": "Stewart Island",
        "country": "New Zealand"
    },
    {
        "place": "Napier",
        "country": "New Zealand"
    },
    {
        "place": "Rarotonga",
        "country": "Cook Islands"
    },
    {
        "place": "Aitutaki",
        "country": "Cook Islands"
    },
    {
        "place": "Samoa (Upolu)",
        "country": "Samoa"
    },
    {
        "place": "Vanuatu (Efate)",
        "country": "Vanuatu"
    },
    {
        "place": "Tanna Island",
        "country": "Vanuatu"
    },
    {
        "place": "New Caledonia (Noumea)",
        "country": "New Caledonia"
    },
    {
        "place": "Isle of Pines",
        "country": "New Caledonia"
    },
    {
        "place": "Tonga (Tongatapu)",
        "country": "Tonga"
    },
    {
        "place": "Palau",
        "country": "Palau"
    },
    {
        "place": "Tahiti",
        "country": "French Polynesia"
    },
    {
        "place": "Moorea",
        "country": "French Polynesia"
    },
    {
        "place": "Guam",
        "country": "Guam"
    },
    {
        "place": "Papua New Guinea (Kokoda Track)",
        "country": "Papua New Guinea"
    },
    {
        "place": "Solomon Islands",
        "country": "Solomon Islands"
    },
    {
        "place": "Norfolk Island",
        "country": "Australia"
    },
    {
        "place": "Christmas Island",
        "country": "Australia"
    },
    {
        "place": "Cocos (Keeling) Islands",
        "country": "Australia"
    },
    {
        "place": "Esperance",
        "country": "Australia"
    },
    {
        "place": "Exmouth",
        "country": "Australia"
    },
    {
        "place": "Darwin",
        "country": "Australia"
    },
    {
        "place": "Litchfield National Park",
        "country": "Australia"
    },
    {
        "place": "Alice Springs",
        "country": "Australia"
    },
    {
        "place": "Kings Canyon",
        "country": "Australia"
    },
    {
        "place": "Coober Pedy",
        "country": "Australia"
    },
    {
        "place": "Port Arthur",
        "country": "Australia"
    },
    {
        "place": "Bruny Island",
        "country": "Australia"
    },
    {
        "place": "Freycinet National Park",
        "country": "Australia"
    },
    {
        "place": "Geelong",
        "country": "Australia"
    },
    {
        "place": "Ballarat",
        "country": "Australia"
    },
    {
        "place": "Bendigo",
        "country": "Australia"
    },
    {
        "place": "Mornington Peninsula",
        "country": "Australia"
    },
    {
        "place": "Yarra Valley",
        "country": "Australia"
    },
    {
        "place": "Snowy Mountains",
        "country": "Australia"
    },
    {
        "place": "Jervis Bay",
        "country": "Australia"
    },
    {
        "place": "Coffs Harbour",
        "country": "Australia"
    },
    {
        "place": "Newcastle",
        "country": "Australia"
    },
    {
        "place": "Port Macquarie",
        "country": "Australia"
    },
    {
        "place": "Sunshine Coast",
        "country": "Australia"
    },
    {
        "place": "Hervey Bay",
        "country": "Australia"
    },
    {
        "place": "Bundaberg",
        "country": "Australia"
    },
    {
        "place": "Townsville",
        "country": "Australia"
    },
    {
        "place": "Rockhampton",
        "country": "Australia"
    },
    {
        "place": "Mackay",
        "country": "Australia"
    },
    {
        "place": "Mount Maunganui",
        "country": "New Zealand"
    },
    {
        "place": "Whangarei",
        "country": "New Zealand"
    },
    {
        "place": "Hamilton",
        "country": "New Zealand"
    },
    {
        "place": "New Plymouth",
        "country": "New Zealand"
    },
    {
        "place": "Palmerston North",
        "country": "New Zealand"
    },
    {
        "place": "Nelson",
        "country": "New Zealand"
    },
    {
        "place": "Picton",
        "country": "New Zealand"
    },
    {
        "place": "Blenheim",
        "country": "New Zealand"
    },
    {
        "place": "Westport",
        "country": "New Zealand"
    },
    {
        "place": "Greymouth",
        "country": "New Zealand"
    },
    {
        "place": "Hokitika",
        "country": "New Zealand"
    },
    {
        "place": "Te Anau",
        "country": "New Zealand"
    },
    {
        "place": "Invercargill",
        "country": "New Zealand"
    },
    {
        "place": "Niue",
        "country": "Niue"
    },
    {
        "place": "Apia",
        "country": "Samoa"
    },
    {
        "place": "Savai'i",
        "country": "Samoa"
    },
    {
        "place": "Espiritu Santo",
        "country": "Vanuatu"
    },
    {
        "place": "Yasawa Islands",
        "country": "Fiji"
    },
    {
        "place": "Mamanuca Islands",
        "country": "Fiji"
    },
    {
        "place": "Taveuni",
        "country": "Fiji"
    },
    {
        "place": "Huahine",
        "country": "French Polynesia"
    },
    {
        "place": "Raiatea",
        "country": "French Polynesia"
    },
    {
        "place": "Paris",
        "country": "France"
    },
    {
        "place": "London",
        "country": "United Kingdom"
    },
    {
        "place": "Rome",
        "country": "Italy"
    },
    {
        "place": "Barcelona",
        "country": "Spain"
    },
    {
        "place": "Madrid",
        "country": "Spain"
    },
    {
        "place": "Lisbon",
        "country": "Portugal"
    },
    {
        "place": "Porto",
        "country": "Portugal"
    },
    {
        "place": "Amsterdam",
        "country": "Netherlands"
    },
    {
        "place": "Berlin",
        "country": "Germany"
    },
    {
        "place": "Munich",
        "country": "Germany"
    },
    {
        "place": "Hamburg",
        "country": "Germany"
    },
    {
        "place": "Prague",
        "country": "Czech Republic"
    },
    {
        "place": "Budapest",
        "country": "Hungary"
    },
    {
        "place": "Vienna",
        "country": "Austria"
    },
    {
        "place": "Salzburg",
        "country": "Austria"
    },
    {
        "place": "Zurich",
        "country": "Switzerland"
    },
    {
        "place": "Geneva",
        "country": "Switzerland"
    },
    {
        "place": "Copenhagen",
        "country": "Denmark"
    },
    {
        "place": "Stockholm",
        "country": "Sweden"
    },
    {
        "place": "Oslo",
        "country": "Norway"
    },
    {
        "place": "Helsinki",
        "country": "Finland"
    },
    {
        "place": "Reykjavik",
        "country": "Iceland"
    },
    {
        "place": "Dublin",
        "country": "Ireland"
    },
    {
        "place": "Edinburgh",
        "country": "United Kingdom"
    },
    {
        "place": "Glasgow",
        "country": "United Kingdom"
    },
    {
        "place": "Brussels",
        "country": "Belgium"
    },
    {
        "place": "Bruges",
        "country": "Belgium"
    },
    {
        "place": "Ghent",
        "country": "Belgium"
    },
    {
        "place": "Florence",
        "country": "Italy"
    },
    {
        "place": "Venice",
        "country": "Italy"
    },
    {
        "place": "Milan",
        "country": "Italy"
    },
    {
        "place": "Naples",
        "country": "Italy"
    },
    {
        "place": "Nice",
        "country": "France"
    },
    {
        "place": "Lyon",
        "country": "France"
    },
    {
        "place": "Marseille",
        "country": "France"
    },
    {
        "place": "Bordeaux",
        "country": "France"
    },
    {
        "place": "Valencia",
        "country": "Spain"
    },
    {
        "place": "Seville",
        "country": "Spain"
    },
    {
        "place": "Granada",
        "country": "Spain"
    },
    {
        "place": "Bilbao",
        "country": "Spain"
    },
    {
        "place": "Athens",
        "country": "Greece"
    },
    {
        "place": "Santorini",
        "country": "Greece"
    },
    {
        "place": "Mykonos",
        "country": "Greece"
    },
    {
        "place": "Crete (Chania)",
        "country": "Greece"
    },
    {
        "place": "Rhodes",
        "country": "Greece"
    },
    {
        "place": "Amalfi Coast",
        "country": "Italy"
    },
    {
        "place": "Cinque Terre",
        "country": "Italy"
    },
    {
        "place": "Sorrento",
        "country": "Italy"
    },
    {
        "place": "Capri",
        "country": "Italy"
    },
    {
        "place": "Sicily (Palermo)",
        "country": "Italy"
    },
    {
        "place": "Sardinia (Cagliari)",
        "country": "Italy"
    },
    {
        "place": "Dubrovnik",
        "country": "Croatia"
    },
    {
        "place": "Split",
        "country": "Croatia"
    },
    {
        "place": "Hvar",
        "country": "Croatia"
    },
    {
        "place": "Kotor Bay",
        "country": "Montenegro"
    },
    {
        "place": "Budva",
        "country": "Montenegro"
    },
    {
        "place": "Albanian Riviera (Sarand\u00eb)",
        "country": "Albania"
    },
    {
        "place": "Ibiza",
        "country": "Spain"
    },
    {
        "place": "Mallorca",
        "country": "Spain"
    },
    {
        "place": "Tenerife",
        "country": "Spain"
    },
    {
        "place": "Azores (S\u00e3o Miguel)",
        "country": "Portugal"
    },
    {
        "place": "Madeira (Funchal)",
        "country": "Portugal"
    },
    {
        "place": "Monaco",
        "country": "Monaco"
    },
    {
        "place": "Cannes & Antibes (French Riviera)",
        "country": "France"
    },
    {
        "place": "Interlaken",
        "country": "Switzerland"
    },
    {
        "place": "Zermatt",
        "country": "Switzerland"
    },
    {
        "place": "Jungfrau Region (Lauterbrunnen)",
        "country": "Switzerland"
    },
    {
        "place": "Lucerne & Lake Lucerne",
        "country": "Switzerland"
    },
    {
        "place": "Chamonix-Mont-Blanc",
        "country": "France"
    },
    {
        "place": "Annecy",
        "country": "France"
    },
    {
        "place": "Lake Geneva (Montreux)",
        "country": "Switzerland"
    },
    {
        "place": "Lake Como",
        "country": "Italy"
    },
    {
        "place": "Lake Garda",
        "country": "Italy"
    },
    {
        "place": "Dolomites (Cortina d'Ampezzo)",
        "country": "Italy"
    },
    {
        "place": "Hallstatt",
        "country": "Austria"
    },
    {
        "place": "Innsbruck (Austrian Alps)",
        "country": "Austria"
    },
    {
        "place": "Lake Bled",
        "country": "Slovenia"
    },
    {
        "place": "Plitvice Lakes National Park",
        "country": "Croatia"
    },
    {
        "place": "Krka National Park",
        "country": "Croatia"
    },
    {
        "place": "Scottish Highlands & Isle of Skye",
        "country": "United Kingdom"
    },
    {
        "place": "Norwegian Fjords (Geirangerfjord)",
        "country": "Norway"
    },
    {
        "place": "Lofoten Islands",
        "country": "Norway"
    },
    {
        "place": "Faroe Islands",
        "country": "Denmark"
    },
    {
        "place": "Tallinn",
        "country": "Estonia"
    },
    {
        "place": "Riga",
        "country": "Latvia"
    },
    {
        "place": "Vilnius",
        "country": "Lithuania"
    },
    {
        "place": "Warsaw",
        "country": "Poland"
    },
    {
        "place": "Krakow",
        "country": "Poland"
    },
    {
        "place": "Gdansk",
        "country": "Poland"
    },
    {
        "place": "Wroclaw",
        "country": "Poland"
    },
    {
        "place": "Ljubljana",
        "country": "Slovenia"
    },
    {
        "place": "Sarajevo",
        "country": "Bosnia and Herzegovina"
    },
    {
        "place": "Mostar",
        "country": "Bosnia and Herzegovina"
    },
    {
        "place": "Belgrade",
        "country": "Serbia"
    },
    {
        "place": "Bucharest",
        "country": "Romania"
    },
    {
        "place": "Brasov",
        "country": "Romania"
    },
    {
        "place": "Sofia",
        "country": "Bulgaria"
    },
    {
        "place": "Tbilisi",
        "country": "Georgia"
    },
    {
        "place": "Istanbul",
        "country": "Turkey"
    },
    {
        "place": "Manali",
        "country": "India"
    },
    {
        "place": "Shimla",
        "country": "India"
    },
    {
        "place": "Dharamshala",
        "country": "India"
    },
    {
        "place": "McLeod Ganj",
        "country": "India"
    },
    {
        "place": "Kasol",
        "country": "India"
    },
    {
        "place": "Dalhousie",
        "country": "India"
    },
    {
        "place": "Kullu",
        "country": "India"
    },
    {
        "place": "Kufri",
        "country": "India"
    },
    {
        "place": "Kasauli",
        "country": "India"
    },
    {
        "place": "Chail",
        "country": "India"
    },
    {
        "place": "Spiti Valley",
        "country": "India"
    },
    {
        "place": "Bir Billing",
        "country": "India"
    },
    {
        "place": "Khajjiar",
        "country": "India"
    },
    {
        "place": "Kinnaur",
        "country": "India"
    },
    {
        "place": "Chamba",
        "country": "India"
    },
    {
        "place": "Palampur",
        "country": "India"
    },
    {
        "place": "Kaza",
        "country": "India"
    },
    {
        "place": "Jibhi",
        "country": "India"
    },
    {
        "place": "Mashobra",
        "country": "India"
    },
    {
        "place": "Shoghi",
        "country": "India"
    },
    {
        "place": "Mussoorie",
        "country": "India"
    },
    {
        "place": "Nainital",
        "country": "India"
    },
    {
        "place": "Rishikesh",
        "country": "India"
    },
    {
        "place": "Haridwar",
        "country": "India"
    },
    {
        "place": "Auli",
        "country": "India"
    },
    {
        "place": "Lansdowne",
        "country": "India"
    },
    {
        "place": "Almora",
        "country": "India"
    },
    {
        "place": "Ranikhet",
        "country": "India"
    },
    {
        "place": "Chopta",
        "country": "India"
    },
    {
        "place": "Valley of Flowers",
        "country": "India"
    },
    {
        "place": "Kausani",
        "country": "India"
    },
    {
        "place": "Binsar",
        "country": "India"
    },
    {
        "place": "Mukteshwar",
        "country": "India"
    },
    {
        "place": "Chakrata",
        "country": "India"
    },
    {
        "place": "Kanatal",
        "country": "India"
    },
    {
        "place": "Srinagar",
        "country": "India"
    },
    {
        "place": "Gulmarg",
        "country": "India"
    },
    {
        "place": "Pahalgam",
        "country": "India"
    },
    {
        "place": "Leh",
        "country": "India"
    },
    {
        "place": "Ladakh",
        "country": "India"
    },
    {
        "place": "Sonamarg",
        "country": "India"
    },
    {
        "place": "Nubra Valley",
        "country": "India"
    },
    {
        "place": "Pangong Lake",
        "country": "India"
    },
    {
        "place": "Kargil",
        "country": "India"
    },
    {
        "place": "Patnitop",
        "country": "India"
    },
    {
        "place": "Goa - North",
        "country": "India"
    },
    {
        "place": "Goa - South",
        "country": "India"
    },
    {
        "place": "Palolem Beach",
        "country": "India"
    },
    {
        "place": "Arambol Beach",
        "country": "India"
    },
    {
        "place": "Agonda Beach",
        "country": "India"
    },
    {
        "place": "Varkala",
        "country": "India"
    },
    {
        "place": "Alleppey",
        "country": "India"
    },
    {
        "place": "Kovalam",
        "country": "India"
    },
    {
        "place": "Gokarna",
        "country": "India"
    },
    {
        "place": "Pondicherry",
        "country": "India"
    },
    {
        "place": "Mamallapuram",
        "country": "India"
    },
    {
        "place": "Visakhapatnam",
        "country": "India"
    },
    {
        "place": "Puri",
        "country": "India"
    },
    {
        "place": "Diu",
        "country": "India"
    },
    {
        "place": "Daman",
        "country": "India"
    },
    {
        "place": "Tarkarli",
        "country": "India"
    },
    {
        "place": "Alibaug",
        "country": "India"
    },
    {
        "place": "Murudeshwar",
        "country": "India"
    },
    {
        "place": "Karwar",
        "country": "India"
    },
    {
        "place": "Mandvi Beach",
        "country": "India"
    },
    {
        "place": "Havelock Island",
        "country": "India"
    },
    {
        "place": "Neil Island",
        "country": "India"
    },
    {
        "place": "Port Blair",
        "country": "India"
    },
    {
        "place": "Ross Island",
        "country": "India"
    },
    {
        "place": "Kavaratti",
        "country": "India"
    },
    {
        "place": "Agatti Island",
        "country": "India"
    },
    {
        "place": "Bangaram Island",
        "country": "India"
    },
    {
        "place": "Minicoy Island",
        "country": "India"
    },
    {
        "place": "Jaipur",
        "country": "India"
    },
    {
        "place": "Udaipur",
        "country": "India"
    },
    {
        "place": "Jaisalmer",
        "country": "India"
    },
    {
        "place": "Jodhpur",
        "country": "India"
    },
    {
        "place": "Pushkar",
        "country": "India"
    },
    {
        "place": "Ajmer",
        "country": "India"
    },
    {
        "place": "Bikaner",
        "country": "India"
    },
    {
        "place": "Mount Abu",
        "country": "India"
    },
    {
        "place": "Ranthambore",
        "country": "India"
    },
    {
        "place": "Chittorgarh",
        "country": "India"
    },
    {
        "place": "Bundi",
        "country": "India"
    },
    {
        "place": "Alwar",
        "country": "India"
    },
    {
        "place": "Shekhawati",
        "country": "India"
    },
    {
        "place": "Kumbhalgarh",
        "country": "India"
    },
    {
        "place": "Ranakpur",
        "country": "India"
    },
    {
        "place": "Rann of Kutch",
        "country": "India"
    },
    {
        "place": "Ahmedabad",
        "country": "India"
    },
    {
        "place": "Dwarka",
        "country": "India"
    },
    {
        "place": "Somnath",
        "country": "India"
    },
    {
        "place": "Gir National Park",
        "country": "India"
    },
    {
        "place": "Saputara",
        "country": "India"
    },
    {
        "place": "Vadodara",
        "country": "India"
    },
    {
        "place": "Statue of Unity",
        "country": "India"
    },
    {
        "place": "Khajuraho",
        "country": "India"
    },
    {
        "place": "Pachmarhi",
        "country": "India"
    },
    {
        "place": "Kanha National Park",
        "country": "India"
    },
    {
        "place": "Bandhavgarh",
        "country": "India"
    },
    {
        "place": "Orchha",
        "country": "India"
    },
    {
        "place": "Ujjain",
        "country": "India"
    },
    {
        "place": "Omkareshwar",
        "country": "India"
    },
    {
        "place": "Mandu",
        "country": "India"
    },
    {
        "place": "Sanchi",
        "country": "India"
    },
    {
        "place": "Munnar",
        "country": "India"
    },
    {
        "place": "Wayanad",
        "country": "India"
    },
    {
        "place": "Thekkady",
        "country": "India"
    },
    {
        "place": "Kumarakom",
        "country": "India"
    },
    {
        "place": "Kochi",
        "country": "India"
    },
    {
        "place": "Vagamon",
        "country": "India"
    },
    {
        "place": "Athirapally",
        "country": "India"
    },
    {
        "place": "Bekal",
        "country": "India"
    },
    {
        "place": "Kannur",
        "country": "India"
    },
    {
        "place": "Kollam",
        "country": "India"
    },
    {
        "place": "Coorg",
        "country": "India"
    },
    {
        "place": "Hampi",
        "country": "India"
    },
    {
        "place": "Mysore",
        "country": "India"
    },
    {
        "place": "Bangalore",
        "country": "India"
    },
    {
        "place": "Chikmagalur",
        "country": "India"
    },
    {
        "place": "Kabini",
        "country": "India"
    },
    {
        "place": "Dandeli",
        "country": "India"
    },
    {
        "place": "Badami",
        "country": "India"
    },
    {
        "place": "Sakleshpur",
        "country": "India"
    },
    {
        "place": "Udupi",
        "country": "India"
    },
    {
        "place": "Ooty",
        "country": "India"
    },
    {
        "place": "Kodaikanal",
        "country": "India"
    },
    {
        "place": "Chennai",
        "country": "India"
    },
    {
        "place": "Madurai",
        "country": "India"
    },
    {
        "place": "Rameswaram",
        "country": "India"
    },
    {
        "place": "Kanyakumari",
        "country": "India"
    },
    {
        "place": "Thanjavur",
        "country": "India"
    },
    {
        "place": "Yercaud",
        "country": "India"
    },
    {
        "place": "Coonoor",
        "country": "India"
    },
    {
        "place": "Trichy",
        "country": "India"
    },
    {
        "place": "Shillong",
        "country": "India"
    },
    {
        "place": "Cherrapunji",
        "country": "India"
    },
    {
        "place": "Kaziranga",
        "country": "India"
    },
    {
        "place": "Tawang",
        "country": "India"
    },
    {
        "place": "Ziro Valley",
        "country": "India"
    },
    {
        "place": "Majuli",
        "country": "India"
    },
    {
        "place": "Gangtok",
        "country": "India"
    },
    {
        "place": "Pelling",
        "country": "India"
    },
    {
        "place": "Lachung",
        "country": "India"
    },
    {
        "place": "Dawki",
        "country": "India"
    },
    {
        "place": "Mawlynnong",
        "country": "India"
    },
    {
        "place": "Tezpur",
        "country": "India"
    },
    {
        "place": "Dimapur",
        "country": "India"
    },
    {
        "place": "Kohima",
        "country": "India"
    },
    {
        "place": "Itanagar",
        "country": "India"
    },
    {
        "place": "Mumbai",
        "country": "India"
    },
    {
        "place": "Lonavala",
        "country": "India"
    },
    {
        "place": "Mahabaleshwar",
        "country": "India"
    },
    {
        "place": "Matheran",
        "country": "India"
    },
    {
        "place": "Aurangabad",
        "country": "India"
    },
    {
        "place": "Ajanta Ellora",
        "country": "India"
    },
    {
        "place": "Nashik",
        "country": "India"
    },
    {
        "place": "Kolhapur",
        "country": "India"
    },
    {
        "place": "Panchgani",
        "country": "India"
    },
    {
        "place": "Igatpuri",
        "country": "India"
    },
    {
        "place": "Darjeeling",
        "country": "India"
    },
    {
        "place": "Kalimpong",
        "country": "India"
    },
    {
        "place": "Kolkata",
        "country": "India"
    },
    {
        "place": "Sundarbans",
        "country": "India"
    },
    {
        "place": "Digha",
        "country": "India"
    },
    {
        "place": "Shantiniketan",
        "country": "India"
    },
    {
        "place": "Agra",
        "country": "India"
    },
    {
        "place": "Varanasi",
        "country": "India"
    },
    {
        "place": "Lucknow",
        "country": "India"
    },
    {
        "place": "Ayodhya",
        "country": "India"
    },
    {
        "place": "Mathura",
        "country": "India"
    },
    {
        "place": "Vrindavan",
        "country": "India"
    },
    {
        "place": "Allahabad",
        "country": "India"
    },
    {
        "place": "Sarnath",
        "country": "India"
    },
    {
        "place": "Delhi",
        "country": "India"
    },
    {
        "place": "Agra-Delhi-Jaipur",
        "country": "India"
    },
    {
        "place": "Bodhgaya",
        "country": "India"
    },
    {
        "place": "Nalanda",
        "country": "India"
    },
    {
        "place": "Rajgir",
        "country": "India"
    },
    {
        "place": "Puri",
        "country": "India"
    },
    {
        "place": "Konark",
        "country": "India"
    },
    {
        "place": "Bhubaneswar",
        "country": "India"
    },
    {
        "place": "Chilika Lake",
        "country": "India"
    },
    {
        "place": "Hyderabad",
        "country": "India"
    },
    {
        "place": "Tirupati",
        "country": "India"
    },
    {
        "place": "Araku Valley",
        "country": "India"
    },
    {
        "place": "Amaravati",
        "country": "India"
    },
    {
        "place": "Amritsar",
        "country": "India"
    },
    {
        "place": "Chandigarh",
        "country": "India"
    },
    {
        "place": "Tirthan Valley",
        "country": "India"
    },
    {
        "place": "Barot Valley",
        "country": "India"
    },
    {
        "place": "Malana",
        "country": "India"
    },
    {
        "place": "Sangla Valley",
        "country": "India"
    },
    {
        "place": "Chitkul",
        "country": "India"
    },
    {
        "place": "Pithoragarh",
        "country": "India"
    },
    {
        "place": "Munsiyari",
        "country": "India"
    },
    {
        "place": "Chaukori",
        "country": "India"
    },
    {
        "place": "Pangot",
        "country": "India"
    },
    {
        "place": "Abbott Mount",
        "country": "India"
    },
    {
        "place": "Bhandardara",
        "country": "India"
    },
    {
        "place": "Amboli",
        "country": "India"
    },
    {
        "place": "Chikhaldara",
        "country": "India"
    },
    {
        "place": "Toranmal",
        "country": "India"
    },
    {
        "place": "Khandala",
        "country": "India"
    },
    {
        "place": "Jim Corbett",
        "country": "India"
    },
    {
        "place": "Pench National Park",
        "country": "India"
    },
    {
        "place": "Tadoba",
        "country": "India"
    },
    {
        "place": "Nagarhole",
        "country": "India"
    },
    {
        "place": "Periyar",
        "country": "India"
    },
    {
        "place": "Dudhwa National Park",
        "country": "India"
    },
    {
        "place": "Bharatpur",
        "country": "India"
    },
    {
        "place": "Sariska",
        "country": "India"
    },
    {
        "place": "Ponmudi",
        "country": "India"
    },
    {
        "place": "Nelliampathy",
        "country": "India"
    },
    {
        "place": "Devikulam",
        "country": "India"
    },
    {
        "place": "Idukki",
        "country": "India"
    },
    {
        "place": "Silent Valley",
        "country": "India"
    },
    {
        "place": "Yelagiri",
        "country": "India"
    },
    {
        "place": "Valparai",
        "country": "India"
    },
    {
        "place": "Kolli Hills",
        "country": "India"
    },
    {
        "place": "Agumbe",
        "country": "India"
    },
    {
        "place": "Kudremukh",
        "country": "India"
    },
    {
        "place": "Bandipur",
        "country": "India"
    },
    {
        "place": "BR Hills",
        "country": "India"
    },
    {
        "place": "Talakona",
        "country": "India"
    },
    {
        "place": "Barmer",
        "country": "India"
    },
    {
        "place": "Osian",
        "country": "India"
    },
    {
        "place": "Sikar",
        "country": "India"
    },
    {
        "place": "Mandawa",
        "country": "India"
    },
    {
        "place": "Nawalgarh",
        "country": "India"
    },
    {
        "place": "Champaner",
        "country": "India"
    },
    {
        "place": "Patan",
        "country": "India"
    },
    {
        "place": "Dholavira",
        "country": "India"
    },
    {
        "place": "Junagadh",
        "country": "India"
    },
    {
        "place": "Porbandar",
        "country": "India"
    },
    {
        "place": "Bhopal",
        "country": "India"
    },
    {
        "place": "Indore",
        "country": "India"
    },
    {
        "place": "Gwalior",
        "country": "India"
    },
    {
        "place": "Maheshwar",
        "country": "India"
    },
    {
        "place": "Amarkantak",
        "country": "India"
    },
    {
        "place": "Panna National Park",
        "country": "India"
    },
    {
        "place": "Chitrakoot",
        "country": "India"
    },
    {
        "place": "Fatehpur Sikri",
        "country": "India"
    },
    {
        "place": "Jhansi",
        "country": "India"
    },
    {
        "place": "Naimisharanya",
        "country": "India"
    },
    {
        "place": "Vindhyachal",
        "country": "India"
    },
    {
        "place": "Ganpatipule",
        "country": "India"
    },
    {
        "place": "Ratnagiri",
        "country": "India"
    },
    {
        "place": "Marari Beach",
        "country": "India"
    },
    {
        "place": "Cherai Beach",
        "country": "India"
    },
    {
        "place": "Beypore",
        "country": "India"
    },
    {
        "place": "Kappad Beach",
        "country": "India"
    },
    {
        "place": "Kashid Beach",
        "country": "India"
    },
    {
        "place": "Diveagar",
        "country": "India"
    },
    {
        "place": "Srivardhan",
        "country": "India"
    },
    {
        "place": "Harihareshwar",
        "country": "India"
    },
    {
        "place": "Velas",
        "country": "India"
    },
    {
        "place": "Bastar",
        "country": "India"
    },
    {
        "place": "Jagdalpur",
        "country": "India"
    },
    {
        "place": "Dantewada",
        "country": "India"
    },
    {
        "place": "Gopalpur",
        "country": "India"
    },
    {
        "place": "Chandipur",
        "country": "India"
    },
    {
        "place": "Bhitarkanika",
        "country": "India"
    },
    {
        "place": "Simlipal",
        "country": "India"
    },
    {
        "place": "Dehradun",
        "country": "India"
    },
    {
        "place": "Netarhat",
        "country": "India"
    },
    {
        "place": "Betla National Park",
        "country": "India"
    },
    {
        "place": "Mainpat",
        "country": "India"
    },
    {
        "place": "Chitrakote Falls",
        "country": "India"
    },
    {
        "place": "Gandikota",
        "country": "India"
    },
    {
        "place": "Horsley Hills",
        "country": "India"
    },
    {
        "place": "Lambasingi",
        "country": "India"
    },
    {
        "place": "Daringbadi",
        "country": "India"
    },
    {
        "place": "Sitamani Wildlife Sanctuary",
        "country": "India"
    },
    {
        "place": "Aizawl",
        "country": "India"
    },
    {
        "place": "Haflong",
        "country": "India"
    },
    {
        "place": "Dzukou Valley",
        "country": "India"
    },
    {
        "place": "Lonar Crater Lake",
        "country": "India"
    },
    {
        "place": "Gandikota Camping",
        "country": "India"
    },
    {
        "place": "Samarkand",
        "country": "Uzbekistan"
    },
    {
        "place": "Bukhara",
        "country": "Uzbekistan"
    },
    {
        "place": "Khiva",
        "country": "Uzbekistan"
    },
    {
        "place": "Almaty",
        "country": "Kazakhstan"
    },
    {
        "place": "Issyk-Kul Lake",
        "country": "Kyrgyzstan"
    },
    {
        "place": "Song-Kul Lake",
        "country": "Kyrgyzstan"
    },
    {
        "place": "Pamir Highway",
        "country": "Tajikistan"
    },
    {
        "place": "Ashgabat",
        "country": "Turkmenistan"
    },
    {
        "place": "Dubai",
        "country": "UAE"
    },
    {
        "place": "Abu Dhabi",
        "country": "UAE"
    },
    {
        "place": "Istanbul",
        "country": "Turkey"
    },
    {
        "place": "Cappadocia",
        "country": "Turkey"
    },
    {
        "place": "Jerusalem",
        "country": "Israel"
    },
    {
        "place": "Petra",
        "country": "Jordan"
    },
    {
        "place": "Dead Sea",
        "country": "Jordan"
    },
    {
        "place": "Tokyo",
        "country": "Japan"
    },
    {
        "place": "Kyoto",
        "country": "Japan"
    },
    {
        "place": "Seoul",
        "country": "South Korea"
    },
    {
        "place": "Beijing",
        "country": "China"
    },
    {
        "place": "Shanghai",
        "country": "China"
    },
    {
        "place": "Osaka",
        "country": "Japan"
    },
    {
        "place": "Nara",
        "country": "Japan"
    },
    {
        "place": "Hiroshima",
        "country": "Japan"
    },
    {
        "place": "Miyajima",
        "country": "Japan"
    },
    {
        "place": "Sapporo",
        "country": "Japan"
    },
    {
        "place": "Niseko",
        "country": "Japan"
    },
    {
        "place": "Okinawa (Naha)",
        "country": "Japan"
    },
    {
        "place": "Hakone",
        "country": "Japan"
    },
    {
        "place": "Takayama",
        "country": "Japan"
    },
    {
        "place": "Nikko",
        "country": "Japan"
    },
    {
        "place": "Kanazawa",
        "country": "Japan"
    },
    {
        "place": "Koyasan",
        "country": "Japan"
    },
    {
        "place": "Fukuoka",
        "country": "Japan"
    },
    {
        "place": "Busan",
        "country": "South Korea"
    },
    {
        "place": "Jeju Island",
        "country": "South Korea"
    },
    {
        "place": "Gyeongju",
        "country": "South Korea"
    },
    {
        "place": "Jeonju",
        "country": "South Korea"
    },
    {
        "place": "Xi'an",
        "country": "China"
    },
    {
        "place": "Chengdu",
        "country": "China"
    },
    {
        "place": "Guilin & Yangshuo",
        "country": "China"
    },
    {
        "place": "Zhangjiajie",
        "country": "China"
    },
    {
        "place": "Lhasa",
        "country": "China"
    },
    {
        "place": "Hong Kong",
        "country": "China"
    },
    {
        "place": "Lijiang",
        "country": "China"
    },
    {
        "place": "Huangshan",
        "country": "China"
    },
    {
        "place": "Hangzhou",
        "country": "China"
    },
    {
        "place": "Taipei",
        "country": "Taiwan"
    },
    {
        "place": "Taroko Gorge",
        "country": "Taiwan"
    },
    {
        "place": "Sun Moon Lake",
        "country": "Taiwan"
    },
    {
        "place": "Jiufen",
        "country": "Taiwan"
    },
    {
        "place": "Ulaanbaatar",
        "country": "Mongolia"
    },
    {
        "place": "Gobi Desert",
        "country": "Mongolia"
    },
    {
        "place": "Tashkent",
        "country": "Uzbekistan"
    },
    {
        "place": "Bishkek",
        "country": "Kyrgyzstan"
    },
    {
        "place": "Karakol",
        "country": "Kyrgyzstan"
    },
    {
        "place": "Astana",
        "country": "Kazakhstan"
    },
    {
        "place": "Charyn Canyon",
        "country": "Kazakhstan"
    },
    {
        "place": "Dushanbe",
        "country": "Tajikistan"
    },
    {
        "place": "Fann Mountains",
        "country": "Tajikistan"
    },
    {
        "place": "Tbilisi",
        "country": "Georgia"
    },
    {
        "place": "Kazbegi",
        "country": "Georgia"
    },
    {
        "place": "Batumi",
        "country": "Georgia"
    },
    {
        "place": "Yerevan",
        "country": "Armenia"
    },
    {
        "place": "Lake Sevan",
        "country": "Armenia"
    },
    {
        "place": "Baku",
        "country": "Azerbaijan"
    },
    {
        "place": "Antalya",
        "country": "Turkey"
    },
    {
        "place": "Bodrum",
        "country": "Turkey"
    },
    {
        "place": "Pamukkale",
        "country": "Turkey"
    },
    {
        "place": "Ephesus (Selcuk)",
        "country": "Turkey"
    },
    {
        "place": "Fethiye",
        "country": "Turkey"
    },
    {
        "place": "Oludeniz",
        "country": "Turkey"
    },
    {
        "place": "Kas",
        "country": "Turkey"
    },
    {
        "place": "Ankara",
        "country": "Turkey"
    },
    {
        "place": "Tel Aviv",
        "country": "Israel"
    },
    {
        "place": "Eilat",
        "country": "Israel"
    },
    {
        "place": "Haifa",
        "country": "Israel"
    },
    {
        "place": "Wadi Rum",
        "country": "Jordan"
    },
    {
        "place": "Amman",
        "country": "Jordan"
    },
    {
        "place": "Aqaba",
        "country": "Jordan"
    },
    {
        "place": "Muscat",
        "country": "Oman"
    },
    {
        "place": "Wahiba Sands",
        "country": "Oman"
    },
    {
        "place": "Nizwa",
        "country": "Oman"
    },
    {
        "place": "Salalah",
        "country": "Oman"
    },
    {
        "place": "Doha",
        "country": "Qatar"
    },
    {
        "place": "Riyadh",
        "country": "Saudi Arabia"
    },
    {
        "place": "AlUla",
        "country": "Saudi Arabia"
    },
    {
        "place": "Jeddah",
        "country": "Saudi Arabia"
    },
    {
        "place": "Beirut",
        "country": "Lebanon"
    },
    {
        "place": "Byblos",
        "country": "Lebanon"
    },
    {
        "place": "Manama",
        "country": "Bahrain"
    },
    {
        "place": "Kuwait City",
        "country": "Kuwait"
    },
    {
        "place": "Shiraz",
        "country": "Iran"
    },
    {
        "place": "Isfahan",
        "country": "Iran"
    },
    {
        "place": "Tehran",
        "country": "Iran"
    },
    {
        "place": "Yazd",
        "country": "Iran"
    },
    {
        "place": "Kobe",
        "country": "Japan"
    },
    {
        "place": "Himeji",
        "country": "Japan"
    },
    {
        "place": "Nagoya",
        "country": "Japan"
    },
    {
        "place": "Shirakawa-go",
        "country": "Japan"
    },
    {
        "place": "Beppu",
        "country": "Japan"
    },
    {
        "place": "Incheon",
        "country": "South Korea"
    },
    {
        "place": "Suwon",
        "country": "South Korea"
    },
    {
        "place": "Pyeongchang",
        "country": "South Korea"
    },
    {
        "place": "Suzhou",
        "country": "China"
    },
    {
        "place": "Nanjing",
        "country": "China"
    },
    {
        "place": "Harbin",
        "country": "China"
    },
    {
        "place": "Kunming",
        "country": "China"
    },
    {
        "place": "Dali",
        "country": "China"
    },
    {
        "place": "Shangri-La",
        "country": "China"
    },
    {
        "place": "Sanya",
        "country": "China"
    },
    {
        "place": "Macau",
        "country": "China"
    },
    {
        "place": "Kaohsiung",
        "country": "Taiwan"
    },
    {
        "place": "Tainan",
        "country": "Taiwan"
    },
    {
        "place": "Kenting",
        "country": "Taiwan"
    },
    {
        "place": "Alishan",
        "country": "Taiwan"
    },
    {
        "place": "Sharjah",
        "country": "UAE"
    },
    {
        "place": "Ras Al Khaimah",
        "country": "UAE"
    },
    {
        "place": "Fujairah",
        "country": "UAE"
    },
    {
        "place": "Jerash",
        "country": "Jordan"
    },
    {
        "place": "Madaba",
        "country": "Jordan"
    },
    {
        "place": "Mardin",
        "country": "Turkey"
    },
    {
        "place": "Konya",
        "country": "Turkey"
    },
    {
        "place": "Trabzon",
        "country": "Turkey"
    },
    {
        "place": "Bursa",
        "country": "Turkey"
    },
    {
        "place": "Nazareth",
        "country": "Israel"
    },
    {
        "place": "Masada",
        "country": "Israel"
    },
    {
        "place": "Sheki",
        "country": "Azerbaijan"
    },
    {
        "place": "Gabala",
        "country": "Azerbaijan"
    },
    {
        "place": "Dilijan",
        "country": "Armenia"
    },
    {
        "place": "Kutaisi",
        "country": "Georgia"
    },
    {
        "place": "Svaneti (Mestia)",
        "country": "Georgia"
    },
    {
        "place": "Kakheti",
        "country": "Georgia"
    },
    {
        "place": "Bangkok",
        "country": "Thailand"
    },
    {
        "place": "Chiang Mai",
        "country": "Thailand"
    },
    {
        "place": "Phuket",
        "country": "Thailand"
    },
    {
        "place": "Krabi",
        "country": "Thailand"
    },
    {
        "place": "Koh Phi Phi",
        "country": "Thailand"
    },
    {
        "place": "Koh Samui",
        "country": "Thailand"
    },
    {
        "place": "Pai",
        "country": "Thailand"
    },
    {
        "place": "Ayutthaya",
        "country": "Thailand"
    },
    {
        "place": "Siem Reap",
        "country": "Cambodia"
    },
    {
        "place": "Phnom Penh",
        "country": "Cambodia"
    },
    {
        "place": "Sihanoukville",
        "country": "Cambodia"
    },
    {
        "place": "Koh Rong",
        "country": "Cambodia"
    },
    {
        "place": "Hanoi",
        "country": "Vietnam"
    },
    {
        "place": "Ha Long Bay",
        "country": "Vietnam"
    },
    {
        "place": "Hoi An",
        "country": "Vietnam"
    },
    {
        "place": "Ho Chi Minh City",
        "country": "Vietnam"
    },
    {
        "place": "Da Nang",
        "country": "Vietnam"
    },
    {
        "place": "Phu Quoc",
        "country": "Vietnam"
    },
    {
        "place": "Sapa",
        "country": "Vietnam"
    },
    {
        "place": "Bali (Ubud)",
        "country": "Indonesia"
    },
    {
        "place": "Bali (Seminyak/Kuta)",
        "country": "Indonesia"
    },
    {
        "place": "Gili Islands",
        "country": "Indonesia"
    },
    {
        "place": "Yogyakarta",
        "country": "Indonesia"
    },
    {
        "place": "Komodo National Park",
        "country": "Indonesia"
    },
    {
        "place": "Singapore",
        "country": "Singapore"
    },
    {
        "place": "Kuala Lumpur",
        "country": "Malaysia"
    },
    {
        "place": "Penang (George Town)",
        "country": "Malaysia"
    },
    {
        "place": "Langkawi",
        "country": "Malaysia"
    },
    {
        "place": "Luang Prabang",
        "country": "Laos"
    },
    {
        "place": "Vang Vieng",
        "country": "Laos"
    },
    {
        "place": "Vientiane",
        "country": "Laos"
    },
    {
        "place": "Manila",
        "country": "Philippines"
    },
    {
        "place": "Boracay",
        "country": "Philippines"
    },
    {
        "place": "Palawan (El Nido)",
        "country": "Philippines"
    },
    {
        "place": "Cebu",
        "country": "Philippines"
    },
    {
        "place": "Bagan",
        "country": "Myanmar"
    },
    {
        "place": "Yangon",
        "country": "Myanmar"
    },
    {
        "place": "Inle Lake",
        "country": "Myanmar"
    },
    {
        "place": "Koh Tao",
        "country": "Thailand"
    },
    {
        "place": "Koh Lanta",
        "country": "Thailand"
    },
    {
        "place": "Chiang Rai",
        "country": "Thailand"
    },
    {
        "place": "Sukhothai",
        "country": "Thailand"
    },
    {
        "place": "Kanchanaburi",
        "country": "Thailand"
    },
    {
        "place": "Khao Sok National Park",
        "country": "Thailand"
    },
    {
        "place": "Koh Lipe",
        "country": "Thailand"
    },
    {
        "place": "Hua Hin",
        "country": "Thailand"
    },
    {
        "place": "Pattaya",
        "country": "Thailand"
    },
    {
        "place": "Mae Hong Son",
        "country": "Thailand"
    },
    {
        "place": "Similan Islands",
        "country": "Thailand"
    },
    {
        "place": "Koh Phangan",
        "country": "Thailand"
    },
    {
        "place": "Koh Chang",
        "country": "Thailand"
    },
    {
        "place": "Railay Beach",
        "country": "Thailand"
    },
    {
        "place": "Khao Yai National Park",
        "country": "Thailand"
    },
    {
        "place": "Hue",
        "country": "Vietnam"
    },
    {
        "place": "Nha Trang",
        "country": "Vietnam"
    },
    {
        "place": "Dalat",
        "country": "Vietnam"
    },
    {
        "place": "Ninh Binh",
        "country": "Vietnam"
    },
    {
        "place": "Phong Nha-Ke Bang",
        "country": "Vietnam"
    },
    {
        "place": "Mui Ne",
        "country": "Vietnam"
    },
    {
        "place": "Can Tho",
        "country": "Vietnam"
    },
    {
        "place": "Ha Giang",
        "country": "Vietnam"
    },
    {
        "place": "Con Dao Islands",
        "country": "Vietnam"
    },
    {
        "place": "Quy Nhon",
        "country": "Vietnam"
    },
    {
        "place": "Mai Chau",
        "country": "Vietnam"
    },
    {
        "place": "Ban Gioc Waterfall",
        "country": "Vietnam"
    },
    {
        "place": "Lombok",
        "country": "Indonesia"
    },
    {
        "place": "Jakarta",
        "country": "Indonesia"
    },
    {
        "place": "Bandung",
        "country": "Indonesia"
    },
    {
        "place": "Mount Bromo",
        "country": "Indonesia"
    },
    {
        "place": "Ijen Crater",
        "country": "Indonesia"
    },
    {
        "place": "Raja Ampat",
        "country": "Indonesia"
    },
    {
        "place": "Lake Toba",
        "country": "Indonesia"
    },
    {
        "place": "Nusa Penida",
        "country": "Indonesia"
    },
    {
        "place": "Nusa Lembongan",
        "country": "Indonesia"
    },
    {
        "place": "Tana Toraja",
        "country": "Indonesia"
    },
    {
        "place": "Bunaken",
        "country": "Indonesia"
    },
    {
        "place": "Tanjung Puting",
        "country": "Indonesia"
    },
    {
        "place": "Flores",
        "country": "Indonesia"
    },
    {
        "place": "Belitung",
        "country": "Indonesia"
    },
    {
        "place": "Malacca",
        "country": "Malaysia"
    },
    {
        "place": "Cameron Highlands",
        "country": "Malaysia"
    },
    {
        "place": "Kota Kinabalu",
        "country": "Malaysia"
    },
    {
        "place": "Kuching",
        "country": "Malaysia"
    },
    {
        "place": "Perhentian Islands",
        "country": "Malaysia"
    },
    {
        "place": "Tioman Island",
        "country": "Malaysia"
    },
    {
        "place": "Ipoh",
        "country": "Malaysia"
    },
    {
        "place": "Taman Negara",
        "country": "Malaysia"
    },
    {
        "place": "Redang Island",
        "country": "Malaysia"
    },
    {
        "place": "Mount Kinabalu",
        "country": "Malaysia"
    },
    {
        "place": "Semporna",
        "country": "Malaysia"
    },
    {
        "place": "Mulu National Park",
        "country": "Malaysia"
    },
    {
        "place": "Bohol",
        "country": "Philippines"
    },
    {
        "place": "Siargao",
        "country": "Philippines"
    },
    {
        "place": "Coron",
        "country": "Philippines"
    },
    {
        "place": "Dumaguete",
        "country": "Philippines"
    },
    {
        "place": "Siquijor",
        "country": "Philippines"
    },
    {
        "place": "Sagada",
        "country": "Philippines"
    },
    {
        "place": "Banaue",
        "country": "Philippines"
    },
    {
        "place": "Davao",
        "country": "Philippines"
    },
    {
        "place": "Camiguin",
        "country": "Philippines"
    },
    {
        "place": "Moalboal",
        "country": "Philippines"
    },
    {
        "place": "Legazpi",
        "country": "Philippines"
    },
    {
        "place": "Kampot",
        "country": "Cambodia"
    },
    {
        "place": "Kep",
        "country": "Cambodia"
    },
    {
        "place": "Battambang",
        "country": "Cambodia"
    },
    {
        "place": "Koh Rong Sanloem",
        "country": "Cambodia"
    },
    {
        "place": "Pakse",
        "country": "Laos"
    },
    {
        "place": "Bolaven Plateau",
        "country": "Laos"
    },
    {
        "place": "Si Phan Don (4000 Islands)",
        "country": "Laos"
    },
    {
        "place": "Nong Khiaw",
        "country": "Laos"
    },
    {
        "place": "Mandalay",
        "country": "Myanmar"
    },
    {
        "place": "Hsipaw",
        "country": "Myanmar"
    },
    {
        "place": "Ngapali Beach",
        "country": "Myanmar"
    },
    {
        "place": "Hpa-An",
        "country": "Myanmar"
    },
    {
        "place": "Sentosa Island",
        "country": "Singapore"
    },
    {
        "place": "Pulau Ubin",
        "country": "Singapore"
    },
    {
        "place": "Bandar Seri Begawan",
        "country": "Brunei"
    },
    {
        "place": "Ulu Temburong",
        "country": "Brunei"
    },
    {
        "place": "Dili",
        "country": "Timor-Leste"
    },
    {
        "place": "Atauro Island",
        "country": "Timor-Leste"
    },
    {
        "place": "Koh Kood",
        "country": "Thailand"
    },
    {
        "place": "Phan Thiet",
        "country": "Vietnam"
    },
    {
        "place": "Surabaya",
        "country": "Indonesia"
    },
    {
        "place": "Medan",
        "country": "Indonesia"
    },
    {
        "place": "Manado",
        "country": "Indonesia"
    },
    {
        "place": "Sandakan",
        "country": "Malaysia"
    },
    {
        "place": "Taiping",
        "country": "Malaysia"
    },
    {
        "place": "Vigan",
        "country": "Philippines"
    },
    {
        "place": "Iloilo",
        "country": "Philippines"
    },
    {
        "place": "Pyin Oo Lwin",
        "country": "Myanmar"
    },
    {
        "place": "Koh Rong",
        "country": "Cambodia"
    },
    {
        "place": "Phonsavan",
        "country": "Laos"
    },
    {
        "place": "Thakhek",
        "country": "Laos"
    },
    {
        "place": "Kalaw",
        "country": "Myanmar"
    }
]